Therapeutic,Heavy Sequence,Light Sequence,H_FASTA_Line,L_FASTA_Line
Acrixolimab,QVQLVESGGGVVQPGRSLRLSCAASGFTFLRYAMHWVRQAPGKGLEWVAVISYDGRYKYYADSVKGRFTISRDNSKNTLYLQMNSLRAEDTAVYYCTTTTFDSWGQGTLVTVSS,DIVMTQTPLSLPVTPGEAASISCRSSQSLLDSEDGNTYLDWYLQKPGQSPQLLIYTLSHRASGVPDRFSGSGSGTDFTLEISRVEAEDVGVYYCMQRRDFPFTFGQGTKVDIK,>Acrixolimab | Heavy Chain~QVQLVESGGGVVQPGRSLRLSCAASGFTFLRYAMHWVRQAPGKGLEWVAVISYDGRYKYYADSVKGRFTISRDNSKNTLYLQMNSLRAEDTAVYYCTTTTFDSWGQGTLVTVSS,>Acrixolimab | Light Chain~DIVMTQTPLSLPVTPGEAASISCRSSQSLLDSEDGNTYLDWYLQKPGQSPQLLIYTLSHRASGVPDRFSGSGSGTDFTLEISRVEAEDVGVYYCMQRRDFPFTFGQGTKVDIK
Balstilimab,QVQLVESGGGVVQPGRSLRLSCAASGFTFSSYGMHWVRQAPGKGLEWVAVIWYDGSNKYYADSVKGRFTISRDNSKNTLYLQMNSLRAEDTAVYYCASNGDHWGQGTLVTVSS,EIVMTQSPATLSVSPGERATLSCRASQSVSSNLAWYQQKPGQAPRLLIYGASTRATGIPARFSGSGSGTEFTLTISSLQSEDFAVYYCQQYNNWPRTFGQGTKVEIK,>Balstilimab | Heavy Chain~QVQLVESGGGVVQPGRSLRLSCAASGFTFSSYGMHWVRQAPGKGLEWVAVIWYDGSNKYYADSVKGRFTISRDNSKNTLYLQMNSLRAEDTAVYYCASNGDHWGQGTLVTVSS,>Balstilimab | Light Chain~EIVMTQSPATLSVSPGERATLSCRASQSVSSNLAWYQQKPGQAPRLLIYGASTRATGIPARFSGSGSGTEFTLTISSLQSEDFAVYYCQQYNNWPRTFGQGTKVEIK
Budigalimab,EIQLVQSGAEVKKPGSSVKVSCKASGYTFTHYGMNWVRQAPGQGLEWVGWVNTYTGEPTYADDFKGRLTFTLDTSTSTAYMELSSLRSEDTAVYYCTREGEGLGFGDWGQGTTVTVSS,DVVMTQSPLSLPVTPGEPASISCRSSQSIVHSHGDTYLEWYLQKPGQSPQLLIYKVSNRFSGVPDRFSGSGSGTDFTLKISRVEAEDVGVYYCFQGSHIPVTFGQGTKLEIK,>Budigalimab | Heavy Chain~EIQLVQSGAEVKKPGSSVKVSCKASGYTFTHYGMNWVRQAPGQGLEWVGWVNTYTGEPTYADDFKGRLTFTLDTSTSTAYMELSSLRSEDTAVYYCTREGEGLGFGDWGQGTTVTVSS,>Budigalimab | Light Chain~DVVMTQSPLSLPVTPGEPASISCRSSQSIVHSHGDTYLEWYLQKPGQSPQLLIYKVSNRFSGVPDRFSGSGSGTDFTLKISRVEAEDVGVYYCFQGSHIPVTFGQGTKLEIK
Camrelizumab,EVQLVESGGGLVQPGGSLRLSCAASGFTFSSYMMSWVRQAPGKGLEWVATISGGGANTYYPDSVKGRFTISRDNAKNSLYLQMNSLRAEDTAVYYCARQLYYFDYWGQGTTVTVSS,DIQMTQSPSSLSASVGDRVTITCLASQTIGTWLTWYQQKPGKAPKLLIYTATSLADGVPSRFSGSGSGTDFTLTISSLQPEDFATYYCQQVYSIPWTFGGGTKVEIK,>Camrelizumab | Heavy Chain~EVQLVESGGGLVQPGGSLRLSCAASGFTFSSYMMSWVRQAPGKGLEWVATISGGGANTYYPDSVKGRFTISRDNAKNSLYLQMNSLRAEDTAVYYCARQLYYFDYWGQGTTVTVSS,>Camrelizumab | Light Chain~DIQMTQSPSSLSASVGDRVTITCLASQTIGTWLTWYQQKPGKAPKLLIYTATSLADGVPSRFSGSGSGTDFTLTISSLQPEDFATYYCQQVYSIPWTFGGGTKVEIK
Cemiplimab,EVQLLESGGVLVQPGGSLRLSCAASGFTFSNFGMTWVRQAPGKGLEWVSGISGGGRDTYFADSVKGRFTISRDNSKNTLYLQMNSLKGEDTAVYYCVKWGNIYFDYWGQGTLVTVSS,DIQMTQSPSSLSASVGDSITITCRASLSINTFLNWYQQKPGKAPNLLIYAASSLHGGVPSRFSGSGSGTDFTLTIRTLQPEDFATYYCQQSSNTPFTFGPGTVVDFR,>Cemiplimab | Heavy Chain~EVQLLESGGVLVQPGGSLRLSCAASGFTFSNFGMTWVRQAPGKGLEWVSGISGGGRDTYFADSVKGRFTISRDNSKNTLYLQMNSLKGEDTAVYYCVKWGNIYFDYWGQGTLVTVSS,>Cemiplimab | Light Chain~DIQMTQSPSSLSASVGDSITITCRASLSINTFLNWYQQKPGKAPNLLIYAASSLHGGVPSRFSGSGSGTDFTLTIRTLQPEDFATYYCQQSSNTPFTFGPGTVVDFR
Cetrelimab,QVQLVQSGAEVKKPGSSVKVSCKASGGTFSSYAISWVRQAPGQGLEWMGGIIPIFDTANYAQKFQGRVTITADESTSTAYMELSSLRSEDTAVYYCARPGLAAAYDTGSLDYWGQGTLVTVSS,EIVLTQSPATLSLSPGERATLSCRASQSVRSYLAWYQQKPGQAPRLLIYDASNRATGIPARFSGSGSGTDFTLTISSLEPEDFAVYYCQQRNYWPLTFGQGTKVEIK,>Cetrelimab | Heavy Chain~QVQLVQSGAEVKKPGSSVKVSCKASGGTFSSYAISWVRQAPGQGLEWMGGIIPIFDTANYAQKFQGRVTITADESTSTAYMELSSLRSEDTAVYYCARPGLAAAYDTGSLDYWGQGTLVTVSS,>Cetrelimab | Light Chain~EIVLTQSPATLSLSPGERATLSCRASQSVRSYLAWYQQKPGQAPRLLIYDASNRATGIPARFSGSGSGTDFTLTISSLEPEDFAVYYCQQRNYWPLTFGQGTKVEIK
Dostarlimab,EVQLLESGGGLVQPGGSLRLSCAASGFTFSSYDMSWVRQAPGKGLEWVSTISGGGSYTYYQDSVKGRFTISRDNSKNTLYLQMNSLRAEDTAVYYCASPYYAMDYWGQGTTVTVSS,DIQLTQSPSFLSAYVGDRVTITCKASQDVGTAVAWYQQKPGKAPKLLIYWASTLHTGVPSRFSGSGSGTEFTLTISSLQPEDFATYYCQHYSSYPWTFGQGTKLEIK,>Dostarlimab | Heavy Chain~EVQLLESGGGLVQPGGSLRLSCAASGFTFSSYDMSWVRQAPGKGLEWVSTISGGGSYTYYQDSVKGRFTISRDNSKNTLYLQMNSLRAEDTAVYYCASPYYAMDYWGQGTTVTVSS,>Dostarlimab | Light Chain~DIQLTQSPSFLSAYVGDRVTITCKASQDVGTAVAWYQQKPGKAPKLLIYWASTLHTGVPSRFSGSGSGTEFTLTISSLQPEDFATYYCQHYSSYPWTFGQGTKLEIK
Enlonstobart,QVQLVESGGGVVQPGRSLRLTCKASGLTFSSSGMHWVRQAPGKGLEWVAVIWYDGSKRYYADSVKGRFTISRDNSKNTLFLQMNSLRAEDTAVYYCATNNDYWGQGTLVTVSS,EIVLTQSPATLSLSPGERATLSCRASQSVSSYLAWYQQKPGQAPRLLIYTASNRATGIPARFSGSGSGTDFTLTISSLEPEDFAVYYCQQYSNWPRTFGQGTKVEIK,>Enlonstobart | Heavy Chain~QVQLVESGGGVVQPGRSLRLTCKASGLTFSSSGMHWVRQAPGKGLEWVAVIWYDGSKRYYADSVKGRFTISRDNSKNTLFLQMNSLRAEDTAVYYCATNNDYWGQGTLVTVSS,>Enlonstobart | Light Chain~EIVLTQSPATLSLSPGERATLSCRASQSVSSYLAWYQQKPGQAPRLLIYTASNRATGIPARFSGSGSGTDFTLTISSLEPEDFAVYYCQQYSNWPRTFGQGTKVEIK
Eurestobart,QVQLVQSGAEVKKPGASVKVSCKASGYNLKDTFLHWVRQAPGQGLEWMGRIDPAQGNIKYDPKFQGRVTITADTSANTAYMELISLRSEDTAVYYCANSPYYYGSGYRIFDVWGQGTTVTVSS,QIVLTQSPATLSLSPGERATLSCSAFSSVNYMHWYQQKPGQAPRLLIYTTSNLASGIPTRFSGSGSGTSYTLTISSLEPEDFAVYYCQQRSTYPFTFGQGTKLEIK,>Eurestobart | Heavy Chain~QVQLVQSGAEVKKPGASVKVSCKASGYNLKDTFLHWVRQAPGQGLEWMGRIDPAQGNIKYDPKFQGRVTITADTSANTAYMELISLRSEDTAVYYCANSPYYYGSGYRIFDVWGQGTTVTVSS,>Eurestobart | Light Chain~QIVLTQSPATLSLSPGERATLSCSAFSSVNYMHWYQQKPGQAPRLLIYTTSNLASGIPTRFSGSGSGTSYTLTISSLEPEDFAVYYCQQRSTYPFTFGQGTKLEIK
Ezabenlimab,EVMLVESGGGLVQPGGSLRLSCTASGFTFSKSAMSWVRQAPGKGLEWVAYISGGGGDTYYSSSVKGRFTISRDNAKNSLYLQMNSLRAEDTAVYYCARHSNVNYYAMDYWGQGTLVTVSS,EIVLTQSPATLSLSPGERATMSCRASENIDVSGISFMNWYQQKPGQAPKLLIYVASNQGSGIPARFSGSGSGTDFTLTISRLEPEDFAVYYCQQSKEVPWTFGQGTKLEIK,>Ezabenlimab | Heavy Chain~EVMLVESGGGLVQPGGSLRLSCTASGFTFSKSAMSWVRQAPGKGLEWVAYISGGGGDTYYSSSVKGRFTISRDNAKNSLYLQMNSLRAEDTAVYYCARHSNVNYYAMDYWGQGTLVTVSS,>Ezabenlimab | Light Chain~EIVLTQSPATLSLSPGERATMSCRASENIDVSGISFMNWYQQKPGQAPKLLIYVASNQGSGIPARFSGSGSGTDFTLTISRLEPEDFAVYYCQQSKEVPWTFGQGTKLEIK
Finotonlimab,EVQLVESGGGLVKPGGSLRLSCAASGFTFSSYGMSWVRQAPGKRLEWVATISGGGRDTYYSDSVKGRFTISRDNAKNNLYLQMNSLRAEDTAVYYCSRQYGTVWFFNWGQGTLVTVSS,EIVLTQSPATLSLSPGERATLSCRASESVDSYGNSFMHWYQQKPGQPPRLLIYAASNQGSGVPARFSGSGSGTDFTLTISSLEPEDFAMYFCQQSKEVPWTFGQGTKVEIK,>Finotonlimab | Heavy Chain~EVQLVESGGGLVKPGGSLRLSCAASGFTFSSYGMSWVRQAPGKRLEWVATISGGGRDTYYSDSVKGRFTISRDNAKNNLYLQMNSLRAEDTAVYYCSRQYGTVWFFNWGQGTLVTVSS,>Finotonlimab | Light Chain~EIVLTQSPATLSLSPGERATLSCRASESVDSYGNSFMHWYQQKPGQPPRLLIYAASNQGSGVPARFSGSGSGTDFTLTISSLEPEDFAMYFCQQSKEVPWTFGQGTKVEIK
Geptanolimab,QIQLVQSGSELKKPGASVKVSCKASGYTFTNFGMNWVRQAPGQGLKWMGWISGYTREPTYAADFKGRFVISLDTSVSTAYLQISSLKAEDTAVYYCARDVFDYWGQGTLVTVSS,DIVLTQSPASLAVSPGQRATITCRASESVDNYGYSFMNWFQQKPGQPPKLLIYRASNLESGVPARFSGSGSRTDFTLTINPVEADDTANYYCQQSNADPTFGQGTKLEIK,>Geptanolimab | Heavy Chain~QIQLVQSGSELKKPGASVKVSCKASGYTFTNFGMNWVRQAPGQGLKWMGWISGYTREPTYAADFKGRFVISLDTSVSTAYLQISSLKAEDTAVYYCARDVFDYWGQGTLVTVSS,>Geptanolimab | Light Chain~DIVLTQSPASLAVSPGQRATITCRASESVDNYGYSFMNWFQQKPGQPPKLLIYRASNLESGVPARFSGSGSRTDFTLTINPVEADDTANYYCQQSNADPTFGQGTKLEIK
Iparomlimab,QVQLVQSGAEVKKPGASVKVSCKASGYTFTNYWIHWVRQAPGQGLEWMGEIDPYDSYTNYNQKFKGRVTMTVDKSTSTVYMELSSLRSEDTAVYYCARPGFTYGGMDFWGQGTLVTVSS,DIQMTQSPSSLSASVGDRVTITCKSSQSLFNSGNQKNYLAWYQQKPGKVPKLLIYGASTRDSGVPYRFSGSGSGTDFTLTISSLQPEDVATYYCQNDHYYPYTFGGGTKVEIK,>Iparomlimab | Heavy Chain~QVQLVQSGAEVKKPGASVKVSCKASGYTFTNYWIHWVRQAPGQGLEWMGEIDPYDSYTNYNQKFKGRVTMTVDKSTSTVYMELSSLRSEDTAVYYCARPGFTYGGMDFWGQGTLVTVSS,>Iparomlimab | Light Chain~DIQMTQSPSSLSASVGDRVTITCKSSQSLFNSGNQKNYLAWYQQKPGKVPKLLIYGASTRDSGVPYRFSGSGSGTDFTLTISSLQPEDVATYYCQNDHYYPYTFGGGTKVEIK
Lipustobart,QVQLVQSGAEVKKPGASVKVSCKASGYTFTSYYMYWVRQAPGQGLEWMGGVNPSNGGTNFNEKFKSRVTITADKSTSTAYMELSSLRSEDTAVYYCARRDYRYDMGFDYWGQGTTVTVSS,EIVLTQSPATLSLSPGERATISCRASKGVSTSGYSYLHWYQQKPGQAPRLLIYLASYLESGVPARFSGSGSGTDFTLTISSLEPEDFATYYCQHSRELPLTFGTGTKVEIK,>Lipustobart | Heavy Chain~QVQLVQSGAEVKKPGASVKVSCKASGYTFTSYYMYWVRQAPGQGLEWMGGVNPSNGGTNFNEKFKSRVTITADKSTSTAYMELSSLRSEDTAVYYCARRDYRYDMGFDYWGQGTTVTVSS,>Lipustobart | Light Chain~EIVLTQSPATLSLSPGERATISCRASKGVSTSGYSYLHWYQQKPGQAPRLLIYLASYLESGVPARFSGSGSGTDFTLTISSLEPEDFATYYCQHSRELPLTFGTGTKVEIK
Nivolumab,QVQLVESGGGVVQPGRSLRLDCKASGITFSNSGMHWVRQAPGKGLEWVAVIWYDGSKRYYADSVKGRFTISRDNSKNTLFLQMNSLRAEDTAVYYCATNDDYWGQGTLVTVSS,EIVLTQSPATLSLSPGERATLSCRASQSVSSYLAWYQQKPGQAPRLLIYDASNRATGIPARFSGSGSGTDFTLTISSLEPEDFAVYYCQQSSNWPRTFGQGTKVEIK,>Nivolumab | Heavy Chain~QVQLVESGGGVVQPGRSLRLDCKASGITFSNSGMHWVRQAPGKGLEWVAVIWYDGSKRYYADSVKGRFTISRDNSKNTLFLQMNSLRAEDTAVYYCATNDDYWGQGTLVTVSS,>Nivolumab | Light Chain~EIVLTQSPATLSLSPGERATLSCRASQSVSSYLAWYQQKPGQAPRLLIYDASNRATGIPARFSGSGSGTDFTLTISSLEPEDFAVYYCQQSSNWPRTFGQGTKVEIK
Nofazinlimab,QVQLVQSGAEVKKPGSSVKVSCKASGFTFTTYYISWVRQAPGQGLEYLGYINMGSGGTNYNEKFKGRVTITADKSTSTAYMELSSLRSEDTAVYYCAIIGYFDYWGQGTMVTVSS,DVVMTQSPLSLPVTLGQPASISCRSSQSLLDSDGGTYLYWFQQRPGQSPRRLIYLVSTLGSGVPDRFSGSGSGTDFTLKISRVEAEDVGVYYCMQLTHWPYTFGQGTKLEIK,>Nofazinlimab | Heavy Chain~QVQLVQSGAEVKKPGSSVKVSCKASGFTFTTYYISWVRQAPGQGLEYLGYINMGSGGTNYNEKFKGRVTITADKSTSTAYMELSSLRSEDTAVYYCAIIGYFDYWGQGTMVTVSS,>Nofazinlimab | Light Chain~DVVMTQSPLSLPVTLGQPASISCRSSQSLLDSDGGTYLYWFQQRPGQSPRRLIYLVSTLGSGVPDRFSGSGSGTDFTLKISRVEAEDVGVYYCMQLTHWPYTFGQGTKLEIK
Pembrolizumab,QVQLVQSGVEVKKPGASVKVSCKASGYTFTNYYMYWVRQAPGQGLEWMGGINPSNGGTNFNEKFKNRVTLTTDSSTTTAYMELKSLQFDDTAVYYCARRDYRFDMGFDYWGQGTTVTVSS,EIVLTQSPATLSLSPGERATLSCRASKGVSTSGYSYLHWYQQKPGQAPRLLIYLASYLESGVPARFSGSGSGTDFTLTISSLEPEDFAVYYCQHSRDLPLTFGGGTKVEIK,>Pembrolizumab | Heavy Chain~QVQLVQSGVEVKKPGASVKVSCKASGYTFTNYYMYWVRQAPGQGLEWMGGINPSNGGTNFNEKFKNRVTLTTDSSTTTAYMELKSLQFDDTAVYYCARRDYRFDMGFDYWGQGTTVTVSS,>Pembrolizumab | Light Chain~EIVLTQSPATLSLSPGERATLSCRASKGVSTSGYSYLHWYQQKPGQAPRLLIYLASYLESGVPARFSGSGSGTDFTLTISSLEPEDFAVYYCQHSRDLPLTFGGGTKVEIK
Penpulimab,EVQLVESGGGLVQPGGSLRLSCAASGFAFSSYDMSWVRQAPGKGLDWVATISGGGRYTYYPDSVKGRFTISRDNSKNNLYLQMNSLRAEDTALYYCANRYGEAWFAYWGQGTLVTVSS,DIQMTQSPSSMSASVGDRVTFTCRASQDINTYLSWFQQKPGKSPKTLIYRANRLVSGVPSRFSGSGSGQDYTLTISSLQPEDMATYYCLQYDEFPLTFGAGTKLELK,>Penpulimab | Heavy Chain~EVQLVESGGGLVQPGGSLRLSCAASGFAFSSYDMSWVRQAPGKGLDWVATISGGGRYTYYPDSVKGRFTISRDNSKNNLYLQMNSLRAEDTALYYCANRYGEAWFAYWGQGTLVTVSS,>Penpulimab | Light Chain~DIQMTQSPSSMSASVGDRVTFTCRASQDINTYLSWFQQKPGKSPKTLIYRANRLVSGVPSRFSGSGSGQDYTLTISSLQPEDMATYYCLQYDEFPLTFGAGTKLELK
Perenostobart,QVQLVQSGAEVKKPGSSVKVSCKASGGTFSSEGISWVRQAPGQGLEWMGSILPIFGTANYAQKFQGRVTITADESTSTAYMELSSLRSEDTAVYYCAREAGYYRYRYFDLWGRGTLVTVSS,EIVMTQSPATLSVSPGERATLSCRASQSVSSNLAWYQQKPGQAPRLLIYGASTRATGIPARFSGSGSGTEFTLTISSLQSEDFAVYYCQQHALWPLTFGGGTKVEIK,>Perenostobart | Heavy Chain~QVQLVQSGAEVKKPGSSVKVSCKASGGTFSSEGISWVRQAPGQGLEWMGSILPIFGTANYAQKFQGRVTITADESTSTAYMELSSLRSEDTAVYYCAREAGYYRYRYFDLWGRGTLVTVSS,>Perenostobart | Light Chain~EIVMTQSPATLSVSPGERATLSCRASQSVSSNLAWYQQKPGQAPRLLIYGASTRATGIPARFSGSGSGTEFTLTISSLQSEDFAVYYCQQHALWPLTFGGGTKVEIK
Peresolimab,QVQLVQSGAEVKKPGASVKVSCKVSGYSLSKYDMSWVRQAPGKGLEWMGIIYTSGYTDYAQKFQGRVTMTEDTSTDTAYMELSSLRSEDTAVYYCATGNPYYTNGFNSWGQGTLVTVSS,DIQMTQSPSSLSASVGDRVTITCQASQSPNNLLAWYQQKPGKAPKLLIYGASDLPSGVPSRFSGSGSGTDFTLTISSLQPEDFATYYCQNNYYVGPVSYAFGGGTKVEIK,>Peresolimab | Heavy Chain~QVQLVQSGAEVKKPGASVKVSCKVSGYSLSKYDMSWVRQAPGKGLEWMGIIYTSGYTDYAQKFQGRVTMTEDTSTDTAYMELSSLRSEDTAVYYCATGNPYYTNGFNSWGQGTLVTVSS,>Peresolimab | Light Chain~DIQMTQSPSSLSASVGDRVTITCQASQSPNNLLAWYQQKPGKAPKLLIYGASDLPSGVPSRFSGSGSGTDFTLTISSLQPEDFATYYCQNNYYVGPVSYAFGGGTKVEIK
Pidilizumab,QVQLVQSGSELKKPGASVKISCKASGYTFTNYGMNWVRQAPGQGLQWMGWINTDSGESTYAEEFKGRFVFSLDTSVNTAYLQITSLTAEDTGMYFCVRVGYDALDYWGQGTLVTVSS,EIVLTQSPSSLSASVGDRVTITCSARSSVSYMHWFQQKPGKAPKLWIYRTSNLASGVPSRFSGSGSGTSYCLTINSLQPEDFATYYCQQRSSFPLTFGGGTKLEIK,>Pidilizumab | Heavy Chain~QVQLVQSGSELKKPGASVKISCKASGYTFTNYGMNWVRQAPGQGLQWMGWINTDSGESTYAEEFKGRFVFSLDTSVNTAYLQITSLTAEDTGMYFCVRVGYDALDYWGQGTLVTVSS,>Pidilizumab | Light Chain~EIVLTQSPSSLSASVGDRVTITCSARSSVSYMHWFQQKPGKAPKLWIYRTSNLASGVPSRFSGSGSGTSYCLTINSLQPEDFATYYCQQRSSFPLTFGGGTKLEIK
Pimivalimab,QVQLVQSGAEVKKPGASVKVSCKASGYTFPSYYMHWVRQAPGQGLEWMGIINPEGGSTAYAQKFQGRVTMTRDTSTSTVYMELSSLRSEDTAVYYCARGGTYYDYTYWGQGTLVTVSS,DIQMTQSPSTLSASVGDRVTITCRASQSISSWLAWYQQKPGKAPKLLIYEASSLESGVPSRFSGSGSGTEFTLTISSLQPDDFATYYCQQYNSFPPTFGGGTKVEIK,>Pimivalimab | Heavy Chain~QVQLVQSGAEVKKPGASVKVSCKASGYTFPSYYMHWVRQAPGQGLEWMGIINPEGGSTAYAQKFQGRVTMTRDTSTSTVYMELSSLRSEDTAVYYCARGGTYYDYTYWGQGTLVTVSS,>Pimivalimab | Light Chain~DIQMTQSPSTLSASVGDRVTITCRASQSISSWLAWYQQKPGKAPKLLIYEASSLESGVPSRFSGSGSGTEFTLTISSLQPDDFATYYCQQYNSFPPTFGGGTKVEIK
Pradusinstobart,QVTLKESGPALVKPTQTLTLTCTFSGFSLSTSGTCVSWIRQPPGKALEWLATICWEDSKGYNPSLKSRLTISKDTSKNQAVLTMTNMDPVDTATYYCARREDSGYFWFPYWGQGTLVTVSS,NIQMTQSPSSLSASVGDRVTITCKAGQNVNNYLAWYQQKPGKAPKVLIFNANSLQTGVPSRFSGSGSGTDFTLTISSLQPEDFATYYCQQYNSWTTFGGGTKVEIK,>Pradusinstobart | Heavy Chain~QVTLKESGPALVKPTQTLTLTCTFSGFSLSTSGTCVSWIRQPPGKALEWLATICWEDSKGYNPSLKSRLTISKDTSKNQAVLTMTNMDPVDTATYYCARREDSGYFWFPYWGQGTLVTVSS,>Pradusinstobart | Light Chain~NIQMTQSPSSLSASVGDRVTITCKAGQNVNNYLAWYQQKPGKAPKVLIFNANSLQTGVPSRFSGSGSGTDFTLTISSLQPEDFATYYCQQYNSWTTFGGGTKVEIK
Pucotenlimab,EVQLVQSGGGLVQPGGSLKLSCAASGFTFSSYGMSWVRQAPGKGLDWVATISGGGRDTYYPDSVKGRFTISRDNSKNNLYLQMNSLRAEDTALYYCARQKGEAWFAYWGQGTLVTVSS,DIVLTQSPASLAVSPGQRATITCRASESVDNYGISFMNWFQQKPGQPPKLLIYAASNKGTGVPARFSGSGSGTDFTLNINPMEENDTAMYFCQQSKEVPWTFGGGTKLEIK,>Pucotenlimab | Heavy Chain~EVQLVQSGGGLVQPGGSLKLSCAASGFTFSSYGMSWVRQAPGKGLDWVATISGGGRDTYYPDSVKGRFTISRDNSKNNLYLQMNSLRAEDTALYYCARQKGEAWFAYWGQGTLVTVSS,>Pucotenlimab | Light Chain~DIVLTQSPASLAVSPGQRATITCRASESVDNYGISFMNWFQQKPGQPPKLLIYAASNKGTGVPARFSGSGSGTDFTLNINPMEENDTAMYFCQQSKEVPWTFGGGTKLEIK
Retifanlimab,QVQLVQSGAEVKKPGASVKVSCKASGYSFTSYWMNWVRQAPGQGLEWIGVIHPSDSETWLDQKFKDRVTITVDKSTSTAYMELSSLRSEDTAVYYCAREHYGTSPFAYWGQGTLVTVSS,EIVLTQSPATLSLSPGERATLSCRASESVDNYGMSFMNWFQQKPGQPPKLLIHAASNQGSGVPSRFSGSGSGTDFTLTISSLEPEDFAVYFCQQSKEVPYTFGGGTKVEIK,>Retifanlimab | Heavy Chain~QVQLVQSGAEVKKPGASVKVSCKASGYSFTSYWMNWVRQAPGQGLEWIGVIHPSDSETWLDQKFKDRVTITVDKSTSTAYMELSSLRSEDTAVYYCAREHYGTSPFAYWGQGTLVTVSS,>Retifanlimab | Light Chain~EIVLTQSPATLSLSPGERATLSCRASESVDNYGMSFMNWFQQKPGQPPKLLIHAASNQGSGVPSRFSGSGSGTDFTLTISSLEPEDFAVYFCQQSKEVPYTFGGGTKVEIK
Rosnilimab,QVQLVQSGSELKKPGASVKVSCKASNYTFTDYSMHWVRQAPGQGLEWMGWINIETYYPTYADQFKGRFAFSLDTSVSTAYLQISSLKAEDTAVYYCARDYYGRFYYAMDYWGQGTTVTVSS,EIVLTQSPATLSLSPGERATLSCTASSSVSSSYFHWYQQKPGQAPRLLIYSTSNLASGIPARFSGSGSGTDFTLTISRLEPEDFAVYYCHQYHRSPLTFGGGTKVEIK,>Rosnilimab | Heavy Chain~QVQLVQSGSELKKPGASVKVSCKASNYTFTDYSMHWVRQAPGQGLEWMGWINIETYYPTYADQFKGRFAFSLDTSVSTAYLQISSLKAEDTAVYYCARDYYGRFYYAMDYWGQGTTVTVSS,>Rosnilimab | Light Chain~EIVLTQSPATLSLSPGERATLSCTASSSVSSSYFHWYQQKPGQAPRLLIYSTSNLASGIPARFSGSGSGTDFTLTISRLEPEDFAVYYCHQYHRSPLTFGGGTKVEIK
Sasanlimab,QVQLVQSGAEVKKPGASVKVSCKASGYTFTSYWINWVRQAPGQGLEWMGNIYPGSSLTNYNEKFKNRVTMTRDTSTSTVYMELSSLRSEDTAVYYCARLSTGTFAYWGQGTLVTVSS,DIVMTQSPDSLAVSLGERATINCKSSQSLWDSGNQKNFLTWYQQKPGQPPKLLIYWTSYRESGVPDRFSGSGSGTDFTLTISSLQAEDVAVYYCQNDYFYPHTFGGGTKVEIK,>Sasanlimab | Heavy Chain~QVQLVQSGAEVKKPGASVKVSCKASGYTFTSYWINWVRQAPGQGLEWMGNIYPGSSLTNYNEKFKNRVTMTRDTSTSTVYMELSSLRSEDTAVYYCARLSTGTFAYWGQGTLVTVSS,>Sasanlimab | Light Chain~DIVMTQSPDSLAVSLGERATINCKSSQSLWDSGNQKNFLTWYQQKPGQPPKLLIYWTSYRESGVPDRFSGSGSGTDFTLTISSLQAEDVAVYYCQNDYFYPHTFGGGTKVEIK
Serplulimab,QVQLVESGGGLVKPGGSLRLSCAASGFTFSNYGMSWIRQAPGKGLEWVSTISGGGSNIYYADSVKGRFTISRDNAKNSLYLQMNSLRAEDTAVYYCVSYYYGIDFWGQGTSVTVSS,DIQMTQSPSSLSASVGDRVTITCKASQDVTTAVAWYQQKPGKAPKLLIYWASTRHTGVPSRFSGSGSGTDFTLTISSLQPEDFATYYCQQHYTIPWTFGGGTKLEIK,>Serplulimab | Heavy Chain~QVQLVESGGGLVKPGGSLRLSCAASGFTFSNYGMSWIRQAPGKGLEWVSTISGGGSNIYYADSVKGRFTISRDNAKNSLYLQMNSLRAEDTAVYYCVSYYYGIDFWGQGTSVTVSS,>Serplulimab | Light Chain~DIQMTQSPSSLSASVGDRVTITCKASQDVTTAVAWYQQKPGKAPKLLIYWASTRHTGVPSRFSGSGSGTDFTLTISSLQPEDFATYYCQQHYTIPWTFGGGTKLEIK
Sintilimab,QVQLVQSGAEVKKPGSSVKVSCKASGGTFSSYAISWVRQAPGQGLEWMGLIIPMFDTAGYAQKFQGRVAITVDESTSTAYMELSSLRSEDTAVYYCARAEHSSTGTFDYWGQGTLVTVSS,DIQMTQSPSSVSASVGDRVTITCRASQGISSWLAWYQQKPGKAPKLLISAASSLQSGVPSRFSGSGSGTDFTLTISSLQPEDFATYYCQQANHLPFTFGGGTKVEIK,>Sintilimab | Heavy Chain~QVQLVQSGAEVKKPGSSVKVSCKASGGTFSSYAISWVRQAPGQGLEWMGLIIPMFDTAGYAQKFQGRVAITVDESTSTAYMELSSLRSEDTAVYYCARAEHSSTGTFDYWGQGTLVTVSS,>Sintilimab | Light Chain~DIQMTQSPSSVSASVGDRVTITCRASQGISSWLAWYQQKPGKAPKLLISAASSLQSGVPSRFSGSGSGTDFTLTISSLQPEDFATYYCQQANHLPFTFGGGTKVEIK
Spartalizumab,EVQLVQSGAEVKKPGESLRISCKGSGYTFTTYWMHWVRQATGQGLEWMGNIYPGTGGSNFDEKFKNRVTITADKSTSTAYMELSSLRSEDTAVYYCTRWTTGTGAYWGQGTTVTVSS,EIVLTQSPATLSLSPGERATLSCKSSQSLLDSGNQKNFLTWYQQKPGQAPRLLIYWASTRESGVPSRFSGSGSGTDFTFTISSLEAEDAATYYCQNDYSYPYTFGQGTKVEIK,>Spartalizumab | Heavy Chain~EVQLVQSGAEVKKPGESLRISCKGSGYTFTTYWMHWVRQATGQGLEWMGNIYPGTGGSNFDEKFKNRVTITADKSTSTAYMELSSLRSEDTAVYYCTRWTTGTGAYWGQGTTVTVSS,>Spartalizumab | Light Chain~EIVLTQSPATLSLSPGERATLSCKSSQSLLDSGNQKNFLTWYQQKPGQAPRLLIYWASTRESGVPSRFSGSGSGTDFTFTISSLEAEDAATYYCQNDYSYPYTFGQGTKVEIK
Tislelizumab,QVQLQESGPGLVKPSETLSLTCTVSGFSLTSYGVHWIRQPPGKGLEWIGVIYADGSTNYNPSLKSRVTISKDTSKNQVSLKLSSVTAADTAVYYCARAYGNYWYIDVWGQGTTVTVSS,DIVMTQSPDSLAVSLGERATINCKSSESVSNDVAWYQQKPGQPPKLLINYAFHRFTGVPDRFSGSGYGTDFTLTISSLQAEDVAVYYCHQAYSSPYTFGQGTKLEIK,>Tislelizumab | Heavy Chain~QVQLQESGPGLVKPSETLSLTCTVSGFSLTSYGVHWIRQPPGKGLEWIGVIYADGSTNYNPSLKSRVTISKDTSKNQVSLKLSSVTAADTAVYYCARAYGNYWYIDVWGQGTTVTVSS,>Tislelizumab | Light Chain~DIVMTQSPDSLAVSLGERATINCKSSESVSNDVAWYQQKPGQPPKLLINYAFHRFTGVPDRFSGSGYGTDFTLTISSLQAEDVAVYYCHQAYSSPYTFGQGTKLEIK
Toripalimab,QGQLVQSGAEVKKPGASVKVSCKASGYTFTDYEMHWVRQAPIHGLEWIGVIESETGGTAYNQKFKGRVTITADKSTSTAYMELSSLRSEDTAVYYCAREGITTVATTYYWYFDVWGQGTTVTVSS,DVVMTQSPLSLPVTLGQPASISCRSSQSIVHSNGNTYLEWYLQKPGQSPQLLIYKVSNRFSGVPDRFSGSGSGTDFTLKISRVEAEDVGVYYCFQGSHVPLTFGQGTKLEIK,>Toripalimab | Heavy Chain~QGQLVQSGAEVKKPGASVKVSCKASGYTFTDYEMHWVRQAPIHGLEWIGVIESETGGTAYNQKFKGRVTITADKSTSTAYMELSSLRSEDTAVYYCAREGITTVATTYYWYFDVWGQGTTVTVSS,>Toripalimab | Light Chain~DVVMTQSPLSLPVTLGQPASISCRSSQSIVHSNGNTYLEWYLQKPGQSPQLLIYKVSNRFSGVPDRFSGSGSGTDFTLKISRVEAEDVGVYYCFQGSHVPLTFGQGTKLEIK
Zeluvalimab,EVQLLESGGGLVQPGGSLRLSCAASGFTFSSYDMSWVRQAPGKGLEWVSLISGGGSQTYYAESVKGRFTISRDNSKNTLYLQMNSLRAEDTAVYFCASPSGHYFYAMDVWGQGTTVTVSS,DIQMTQSPSSVSASVGDRVTITCRASQGISNWLAWYQQKPGKAPKLLIFAASSLQSGVPSRFSGSGSGTDFTLTISSLQPEDFATYYCQQAESFPHTFGGGTKVEIK,>Zeluvalimab | Heavy Chain~EVQLLESGGGLVQPGGSLRLSCAASGFTFSSYDMSWVRQAPGKGLEWVSLISGGGSQTYYAESVKGRFTISRDNSKNTLYLQMNSLRAEDTAVYFCASPSGHYFYAMDVWGQGTTVTVSS,>Zeluvalimab | Light Chain~DIQMTQSPSSVSASVGDRVTITCRASQGISNWLAWYQQKPGKAPKLLIFAASSLQSGVPSRFSGSGSGTDFTLTISSLQPEDFATYYCQQAESFPHTFGGGTKVEIK